{
  "scenario_name": "UMi_NLOS",
  "snapshot_index": 10,
  "channel_sequence_length": 20,
  "alpha": 0.5,
  "results": [
    {
      "solver_name": "SLSQP",
      "alpha": 0.5,
      "metrics": {
        "communication_rate_bps_hz": 22.48700639329335,
        "sensing_snr_linear": 90.38706506189524,
        "sensing_snr_db": 19.561062847433075,
        "sensing_detection_probability": 0.11726114456477899,
        "sensing_utility": 0.11726114456477899,
        "sensing_metric_name": "detection_probability",
        "weighted_objective": 11.829808919470569
      },
      "power_allocation": [
        0.0,
        7.602776624804374e-16,
        5.241079840170354e-16,
        6.289318867071604e-17,
        0.0,
        2.992108875480663e-16,
        0.057740120899548684,
        0.11967464382025078,
        0.17500704802607753,
        0.2240076154610226,
        0.2670761689118786,
        0.304672221488592,
        0.33727195644437885,
        0.36534069801341007,
        0.38931641209111245,
        0.4096026616973453,
        0.42656504645319737,
        0.44053128984246787,
        0.45179293505219076,
        0.4606089163655518,
        0.4672080431454367,
        0.4717929328920314,
        0.4745417834944261,
        0.4756126645275887,
        0.4751445074146305,
        0.4732605616392293,
        0.47007023103326867,
        0.46567086980578265,
        0.4601510397646116,
        0.45359263591542287,
        0.44607406566851193,
        0.437672930132033
      ],
      "waveform_profile": null,
      "metadata": {
        "restarts": 1,
        "max_iterations": 120,
        "runtime_ms": 104.7151
      }
    },
    {
      "solver_name": "GWO",
      "alpha": 0.5,
      "metrics": {
        "communication_rate_bps_hz": 22.45088380405859,
        "sensing_snr_linear": 89.15398212818839,
        "sensing_snr_db": 19.50140746027078,
        "sensing_detection_probability": 0.11471962570699645,
        "sensing_utility": 0.11471962570699645,
        "sensing_metric_name": "detection_probability",
        "weighted_objective": 11.799040030564278
      },
      "power_allocation": [
        0.0,
        0.004185289344909859,
        0.0,
        0.0,
        0.0,
        0.01633693566595073,
        0.02355240321006862,
        0.04622413431190668,
        0.039877321489002165,
        0.07476915719937936,
        0.26603060635288817,
        0.3198457754391661,
        0.2922772246103308,
        0.40940344486314817,
        0.4151654079109009,
        0.4590366287587076,
        0.4569077773284445,
        0.45109893455042305,
        0.45611317717502775,
        0.48167825435272194,
        0.5036405945602547,
        0.4974718304064111,
        0.4816754084891962,
        0.49347353601633936,
        0.49667778639717236,
        0.4791768592916187,
        0.5193161618553953,
        0.48683893590679544,
        0.4396615688215938,
        0.4614423398751926,
        0.4560476673902043,
        0.4720748384268506
      ],
      "waveform_profile": null,
      "metadata": {
        "population_size": 30,
        "iterations": 50,
        "runtime_ms": 1010.9966
      }
    },
    {
      "solver_name": "PSO",
      "alpha": 0.5,
      "metrics": {
        "communication_rate_bps_hz": 22.24338953995956,
        "sensing_snr_linear": 89.4527433252527,
        "sensing_snr_db": 19.515936639950645,
        "sensing_detection_probability": 0.1153333762512947,
        "sensing_utility": 0.1153333762512947,
        "sensing_metric_name": "detection_probability",
        "weighted_objective": 11.698361651236253
      },
      "power_allocation": [
        0.0,
        0.0,
        0.0,
        0.0,
        0.1409255934850361,
        0.0,
        0.07272197528482952,
        0.14558636088126117,
        0.11363762310503159,
        0.29671356275155353,
        0.0,
        0.0,
        0.2924175418544212,
        0.3964235140920225,
        0.3756073059678009,
        0.40283413535535884,
        0.4569161914339716,
        0.5735157477773971,
        0.4666942474873575,
        0.48677822665933373,
        0.5264036404310865,
        0.49127924617682833,
        0.4517543398798509,
        0.517853342172028,
        0.5453928916925704,
        0.471576803777885,
        0.5672953111313225,
        0.45358052360289647,
        0.4640122577942961,
        0.4743129898906738,
        0.38741207552032836,
        0.42835455179485793
      ],
      "waveform_profile": null,
      "metadata": {
        "population_size": 30,
        "iterations": 50,
        "runtime_ms": 803.6962
      }
    },
    {
      "solver_name": "SFO",
      "alpha": 0.5,
      "metrics": {
        "communication_rate_bps_hz": 21.976820090532357,
        "sensing_snr_linear": 94.28511991002831,
        "sensing_snr_db": 19.74443157733279,
        "sensing_detection_probability": 0.1254385054812217,
        "sensing_utility": 0.1254385054812217,
        "sensing_metric_name": "detection_probability",
        "weighted_objective": 11.615602572672287
      },
      "power_allocation": [
        0.07838380283388216,
        0.011898991002248728,
        0.015715903054085288,
        0.015483995236275305,
        0.04220871547859059,
        0.21847186272608135,
        0.3508934702137591,
        0.17507641728676057,
        0.29761603270406817,
        0.38836772896500277,
        0.16349880629079452,
        0.13994841250889126,
        0.2792666623992611,
        0.6123637346848936,
        0.49584828834251354,
        0.28533494947552096,
        0.38247771489058036,
        0.447396420496103,
        0.4038203338889669,
        0.3954389712303725,
        0.2930192940214932,
        0.3735554572239281,
        0.41859364132519844,
        0.3608445953819063,
        0.4318513944494708,
        0.4525308372983736,
        0.5802718921009224,
        0.47260364019352785,
        0.34441532649586554,
        0.33551559172061984,
        0.3687184944357398,
        0.36856862164430326
      ],
      "waveform_profile": null,
      "metadata": {
        "population_size": 30,
        "iterations": 50,
        "runtime_ms": 684.3914
      }
    },
    {
      "solver_name": "POA",
      "alpha": 0.5,
      "metrics": {
        "communication_rate_bps_hz": 21.827832020639857,
        "sensing_snr_linear": 95.49878754086366,
        "sensing_snr_db": 19.799978577863108,
        "sensing_detection_probability": 0.12802794903163706,
        "sensing_utility": 0.12802794903163706,
        "sensing_metric_name": "detection_probability",
        "weighted_objective": 11.554055755478114
      },
      "power_allocation": [
        0.057351440477679254,
        0.12124734080140359,
        0.04468706780399823,
        0.03933297691225154,
        0.2381196724581907,
        0.24070931410845958,
        0.16419662626182105,
        0.3318978737654208,
        0.23442209980596088,
        0.35238949963683924,
        0.31838203131617654,
        0.4189445645742279,
        0.11813623218876991,
        0.38822196103296386,
        0.22222112095661922,
        0.5756896261906771,
        0.3460909483653521,
        0.27511943066070393,
        0.39956169784848083,
        0.41063737442585063,
        0.3630051225854454,
        0.4592987747405233,
        0.43096014142887,
        0.31713715945964926,
        0.49200755227235826,
        0.3450689072845898,
        0.36532760710075896,
        0.5045081048848615,
        0.38475072925925485,
        0.3530482000990804,
        0.3874781212109419,
        0.3000506800818199
      ],
      "waveform_profile": null,
      "metadata": {
        "population_size": 30,
        "iterations": 50,
        "runtime_ms": 801.5516
      }
    },
    {
      "solver_name": "DE",
      "alpha": 0.5,
      "metrics": {
        "communication_rate_bps_hz": 21.676928306150426,
        "sensing_snr_linear": 87.13505919861528,
        "sensing_snr_db": 19.401929305869764,
        "sensing_detection_probability": 0.11060649126503563,