{
  "scenario_name": "UMi_NLOS",
  "snapshot_index": 10,
  "channel_sequence_length": 20,
  "alpha": 0.5,
  "results": [
    {
      "solver_name": "SLSQP",
      "alpha": 0.5,
      "metrics": {
        "communication_rate_bps_hz": 22.41929207254513,
        "sensing_snr_linear": 92.38349453707303,
        "sensing_snr_db": 19.655943860276906,
        "weighted_objective": 21.03761796641102
      },
      "power_allocation": [
        0.0,
        1.4440001306774646e-16,
        9.154549577285852e-17,
        0.0,
        0.0,
        0.028934077038229842,
        0.09820219372576151,
        0.1599618330105706,
        0.21439627928979682,
        0.2618705808581368,
        0.30285132353548155,
        0.3378494940657173,
        0.36738636032565464,
        0.3919704284936369,
        0.4120847229697789,
        0.42817921964879696,
        0.44066988269017565,
        0.4499358886355424,
        0.45632220852370925,
        0.4601406918171232,
        0.461670929416125,
        0.461163651925582,
        0.4588413729249756,
        0.4549004824749022,
        0.4495155013082029,
        0.44284049868340586,
        0.43501169543969526,
        0.42615156303295115,
        0.41637176108592766,
        0.4057762658272673,
        0.3944653286480193,
        0.38253576460483396
      ],
      "metadata": {
        "restarts": 4,
        "max_iterations": 200,
        "runtime_ms": 263.6141
      }
    },
    {
      "solver_name": "GWO",
      "alpha": 0.5,
      "metrics": {
        "communication_rate_bps_hz": 22.390111366097294,
        "sensing_snr_linear": 92.26502168462984,
        "sensing_snr_db": 19.650370881497047,
        "weighted_objective": 21.02024112379717
      },
      "power_allocation": [
        0.0,
        0.0,
        0.0,
        0.017722666987145513,
        0.006760530725308577,
        0.006581464898168501,
        0.03326247445373741,
        0.21550231174412116,
        0.0733065028915028,
        0.3059382082263385,
        0.29367683289084556,
        0.3420278218095231,
        0.3841485813756603,
        0.38727826300116996,
        0.4196965220742983,
        0.4616566888789137,
        0.4619811512640795,
        0.4641783042977362,
        0.45088068299021256,
        0.46463600040313163,
        0.4783837535733082,
        0.46785339963889133,
        0.45652378757334255,
        0.4624142075402784,
        0.4440564378438691,
        0.4448534583761966,
        0.4796414757682924,
        0.4272438458618506,
        0.4058201401848132,
        0.39093673810157176,
        0.3644488532889675,
        0.38858889333672514
      ],
      "metadata": {
        "population_size": 30,
        "iterations": 50,
        "runtime_ms": 424.1118
      }
    },
    {
      "solver_name": "PSO",
      "alpha": 0.5,
      "metrics": {
        "communication_rate_bps_hz": 22.331960773581727,
        "sensing_snr_linear": 92.90986503406697,
        "sensing_snr_db": 19.680618291970763,
        "weighted_objective": 21.006289532776243
      },
      "power_allocation": [
        0.0,
        0.0,
        0.0,
        0.0,
        0.0,
        0.03478766254065967,
        0.14721606347915692,
        0.03316908189146032,
        0.15798738795033562,
        0.3050397209978441,
        0.2904115632606912,
        0.4272149248431171,
        0.37804285049880204,
        0.4690853580742255,
        0.4617730060876018,
        0.3624572263294505,
        0.438328458982803,
        0.4540820815059626,
        0.5127019788468725,
        0.4738946722700623,
        0.4391313840856002,
        0.49918923200176674,
        0.4421591909837015,
        0.4378311265276476,
        0.49566718201021737,
        0.3908429876736638,
        0.33278640002113563,
        0.46557997656056843,
        0.3986107676535097,
        0.42281382091313036,
        0.37936018736684907,
        0.3498357066431642
      ],
      "metadata": {
        "population_size": 30,
        "iterations": 50,
        "runtime_ms": 272.8747
      }
    },
    {
      "solver_name": "SFO",
      "alpha": 0.5,
      "metrics": {
        "communication_rate_bps_hz": 21.94639306754035,
        "sensing_snr_linear": 94.55878173119778,
        "sensing_snr_db": 19.75701868245021,
        "weighted_objective": 20.85170587499528
      },
      "power_allocation": [
        0.07208434507632132,
        0.008012934118192499,
        0.008496070646372103,
        0.04929821056617395,
        0.18223654062325462,
        0.18578326058411276,
        0.3727957584822317,
        0.1604679244727671,
        0.16986824357293828,
        0.4007465731314924,
        0.17287615953090363,
        0.13158595000188075,
        0.2413449751493228,
        0.5730580870943547,
        0.5040498691964486,
        0.31615340313052626,
        0.44597505790854425,
        0.517927108670055,
        0.35333054005663683,
        0.3177573915275841,
        0.38174509741651974,
        0.31692718303347295,
        0.5177882584550859,
        0.44198163394856393,
        0.44040280581913316,
        0.40239244288298476,
        0.47899943552208507,
        0.34705934177116926,
        0.3619038621336892,
        0.3277014383768892,
        0.36654325310954233,
        0.43270684399074927
      ],
      "metadata": {
        "population_size": 30,
        "iterations": 50,
        "runtime_ms": 305.3795
      }
    },
    {
      "solver_name": "POA",
      "alpha": 0.5,
      "metrics": {
        "communication_rate_bps_hz": 21.71236730853227,
        "sensing_snr_linear": 96.51366580370849,
        "sensing_snr_db": 19.84588811405358,
        "weighted_objective": 20.779127711292922
      },
      "power_allocation": [
        0.05165616658618218,
        0.15653564447782306,
        0.029607612765499138,
        0.002300451388510353,
        0.2381485914761592,
        0.29311263193622383,
        0.24559078861179004,
        0.3452988277335675,
        0.28413031589793214,
        0.3424182822126014,
        0.32818900846894283,
        0.40185650855374616,
        0.15017741593658693,
        0.3424513245700074,
        0.20080497762083335,
        0.600939451812564,
        0.3513197617857265,
        0.25246694595882885,
        0.4306260722407957,
        0.41309215503559693,
        0.3698993553491323,
        0.4509715427751861,
        0.42378233123291403,
        0.30397833903122595,
        0.49621608780458304,
        0.3630533594506135,
        0.3596223074860579,
        0.4909023523264533,
        0.36481489514865406,
        0.35836940812552165,
        0.2437855329704199,
        0.3138815532293208
      ],
      "metadata": {
        "population_size": 30,
        "iterations": 50,
        "runtime_ms": 337.7698
      }
    },
    {
      "solver_name": "SA",
      "alpha": 0.5,
      "metrics": {
        "communication_rate_bps_hz": 21.31783332786496,
        "sensing_snr_linear": 98.4091416031308,
        "sensing_snr_db": 19.930354435877298,
        "weighted_objective": 20.62409388187113
      },
      "power_allocation": [
        0.3085871305030504,
        0.34237788128098323,
        0.2388274693466247,
        0.06698875314011099,
        0.24229139680045375,
        0.18609664374658064,
        0.3380691773887915,
        0.27172865623084813,
        0.29605041426072637,
        0.28272369240764655,
        0.29609917584287193,
        0.337743718370818,
        0.34623668702427274,
        0.36591052388187806,
        0.2601828160723865,
        0.33809259756546595,
        0.3408912706922196,
        0.3877281156609597,
        0.3558974859829641,
        0.30375718545053365,
        0.3239015813782654,
        0.29884761280157696,
        0.3247296033436299,
        0.3916000842801782,
        0.35443500007200207,
        0.4006561201409999,
        0.30007939924924426,
        0.24108976718884065,
        0.40094049766838324,
        0.41024141617992554,
        0.35426303923475877,
        0.2929350868120095
      ],
      "metadata": {
        "iterations": 1000,