{
  "scenario_name": "UMi_NLOS",
  "snapshot_index": 10,
  "channel_sequence_length": 20,
  "alpha": 0.5,
  "results": [
    {
      "solver_name": "SLSQP",
      "alpha": 0.5,
      "metrics": {
        "communication_rate_bps_hz": 22.419292071307673,
        "sensing_snr_linear": 92.38349456569296,
        "sensing_snr_db": 19.655943861622326,
        "sensing_detection_probability": 1.0,
        "sensing_utility": 1.9655943861622327,
        "sensing_metric_name": "snr_db",
        "weighted_objective": 21.037617966465
      },
      "power_allocation": [
        0.0,
        1.0507690891080296e-16,
        0.0,
        0.0,
        0.0,
        0.028934433930323807,
        0.09820252654272826,
        0.15996189380965273,
        0.21439633471433353,
        0.2618706326330448,
        0.3028511150751011,
        0.33784928485869176,
        0.3673864074057937,
        0.3919704797596958,
        0.4120845153294321,
        0.4281792675949294,
        0.4406696727779237,
        0.4499356767505338,
        0.45632199408891033,
        0.4601404726345623,
        0.4616712225940095,
        0.46116368648560896,
        0.4588411496590703,
        0.4549005155135594,
        0.4495157897649661,
        0.44284053506934073,
        0.4350117332269327,
        0.4261513484261657,
        0.4163718108335164,
        0.4057763138825192,
        0.3944653764041345,
        0.38253581023452
      ],
      "waveform_profile": null,
      "metadata": {
        "restarts": 1,
        "max_iterations": 120,
        "runtime_ms": 95.3891
      }
    },
    {
      "solver_name": "GWO",
      "alpha": 0.5,
      "metrics": {
        "communication_rate_bps_hz": 22.390111366097294,
        "sensing_snr_linear": 92.26502168462984,
        "sensing_snr_db": 19.650370881497047,
        "sensing_detection_probability": 1.0,
        "sensing_utility": 1.9650370881497046,
        "sensing_metric_name": "snr_db",
        "weighted_objective": 21.02024112379717
      },
      "power_allocation": [
        0.0,
        0.0,
        0.0,
        0.017722666987145513,
        0.006760530725308577,
        0.006581464898168501,
        0.03326247445373741,
        0.21550231174412116,
        0.0733065028915028,
        0.3059382082263385,
        0.29367683289084556,
        0.3420278218095231,
        0.3841485813756603,
        0.38727826300116996,
        0.4196965220742983,
        0.4616566888789137,
        0.4619811512640795,
        0.4641783042977362,
        0.45088068299021256,
        0.46463600040313163,
        0.4783837535733082,
        0.46785339963889133,
        0.45652378757334255,
        0.4624142075402784,
        0.4440564378438691,
        0.4448534583761966,
        0.4796414757682924,
        0.4272438458618506,
        0.4058201401848132,
        0.39093673810157176,
        0.3644488532889675,
        0.38858889333672514
      ],
      "waveform_profile": null,
      "metadata": {
        "population_size": 30,
        "iterations": 50,
        "runtime_ms": 661.3791
      }
    },
    {
      "solver_name": "PSO",
      "alpha": 0.5,
      "metrics": {
        "communication_rate_bps_hz": 22.331960773581727,
        "sensing_snr_linear": 92.90986503406697,
        "sensing_snr_db": 19.680618291970763,
        "sensing_detection_probability": 1.0,
        "sensing_utility": 1.9680618291970764,
        "sensing_metric_name": "snr_db",
        "weighted_objective": 21.006289532776243
      },
      "power_allocation": [
        0.0,
        0.0,
        0.0,
        0.0,
        0.0,
        0.03478766254065967,
        0.14721606347915692,
        0.03316908189146032,
        0.15798738795033562,
        0.3050397209978441,
        0.2904115632606912,
        0.4272149248431171,
        0.37804285049880204,
        0.4690853580742255,
        0.4617730060876018,
        0.3624572263294505,
        0.438328458982803,
        0.4540820815059626,
        0.5127019788468725,
        0.4738946722700623,
        0.4391313840856002,
        0.49918923200176674,
        0.4421591909837015,
        0.4378311265276476,
        0.49566718201021737,
        0.3908429876736638,
        0.33278640002113563,
        0.46557997656056843,
        0.3986107676535097,
        0.42281382091313036,
        0.37936018736684907,
        0.3498357066431642
      ],
      "waveform_profile": null,
      "metadata": {
        "population_size": 30,
        "iterations": 50,
        "runtime_ms": 626.8931
      }
    },
    {
      "solver_name": "SFO",
      "alpha": 0.5,
      "metrics": {
        "communication_rate_bps_hz": 21.94639306754035,
        "sensing_snr_linear": 94.55878173119778,
        "sensing_snr_db": 19.75701868245021,
        "sensing_detection_probability": 1.0,
        "sensing_utility": 1.975701868245021,
        "sensing_metric_name": "snr_db",
        "weighted_objective": 20.85170587499528
      },
      "power_allocation": [
        0.07208434507632132,
        0.008012934118192499,
        0.008496070646372103,
        0.04929821056617395,
        0.18223654062325462,
        0.18578326058411276,
        0.3727957584822317,
        0.1604679244727671,
        0.16986824357293828,
        0.4007465731314924,
        0.17287615953090363,
        0.13158595000188075,
        0.2413449751493228,
        0.5730580870943547,
        0.5040498691964486,
        0.31615340313052626,
        0.44597505790854425,
        0.517927108670055,
        0.35333054005663683,
        0.3177573915275841,
        0.38174509741651974,
        0.31692718303347295,
        0.5177882584550859,
        0.44198163394856393,
        0.44040280581913316,
        0.40239244288298476,
        0.47899943552208507,
        0.34705934177116926,
        0.3619038621336892,
        0.3277014383768892,
        0.36654325310954233,
        0.43270684399074927
      ],
      "waveform_profile": null,
      "metadata": {
        "population_size": 30,
        "iterations": 50,
        "runtime_ms": 445.9776
      }
    },
    {
      "solver_name": "POA",
      "alpha": 0.5,
      "metrics": {
        "communication_rate_bps_hz": 21.71236730853227,
        "sensing_snr_linear": 96.51366580370849,
        "sensing_snr_db": 19.84588811405358,
        "sensing_detection_probability": 1.0,
        "sensing_utility": 1.984588811405358,
        "sensing_metric_name": "snr_db",
        "weighted_objective": 20.779127711292922
      },
      "power_allocation": [
        0.05165616658618218,
        0.15653564447782306,
        0.029607612765499138,
        0.002300451388510353,
        0.2381485914761592,
        0.29311263193622383,
        0.24559078861179004,
        0.3452988277335675,
        0.28413031589793214,
        0.3424182822126014,
        0.32818900846894283,
        0.40185650855374616,
        0.15017741593658693,
        0.3424513245700074,
        0.20080497762083335,
        0.600939451812564,
        0.3513197617857265,
        0.25246694595882885,
        0.4306260722407957,
        0.41309215503559693,
        0.3698993553491323,
        0.4509715427751861,
        0.42378233123291403,
        0.30397833903122595,
        0.49621608780458304,
        0.3630533594506135,
        0.3596223074860579,
        0.4909023523264533,
        0.36481489514865406,
        0.35836940812552165,
        0.2437855329704199,
        0.3138815532293208
      ],
      "waveform_profile": null,
      "metadata": {
        "population_size": 30,
        "iterations": 50,
        "runtime_ms": 446.393
      }
    },
    {
      "solver_name": "SA",
      "alpha": 0.5,
      "metrics": {
        "communication_rate_bps_hz": 21.31783332786496,
        "sensing_snr_linear": 98.4091416031308,
        "sensing_snr_db": 19.930354435877298,
        "sensing_detection_probability": 1.0,
        "sensing_utility": 1.9930354435877298,
        "sensing_metric_name": "snr_db",
        "weighted_objective": 20.62409388187113
      },