{
  "scenario_name": "UMi_NLOS",
  "snapshot_index": 10,
  "channel_sequence_length": 20,
  "alpha": 0.5,
  "results": [
    {
      "solver_name": "GWO",
      "alpha": 0.5,
      "metrics": {
        "communication_rate_bps_hz": 19.333116272453264,
        "sensing_snr_linear": 360.2388526439451,
        "sensing_snr_db": 25.56590550734809,
        "sensing_detection_probability": 0.7598311567796391,
        "sensing_utility": 0.7598311567796391,
        "sensing_metric_name": "detection_probability",
        "weighted_objective": 13.465713920124827
      },
      "power_allocation": [
        0.0011037006409198664,
        0.003928809205810487,
        0.0058283330629171435,
        0.04069030764852917,
        0.0011459334276549128,
        0.0006502960663850877,
        0.0024174647652831453,
        0.13396807760213675,
        0.00471257393023794,
        0.043074724173410725,
        0.2985564400481328,
        0.03192623285798544,
        1.25,
        0.3244494420370321,
        0.5109853225782883,
        0.5257951058343852,
        0.5808977668252009,
        0.4360412738991445,
        0.018651563349992652,
        0.5760996008155636,
        0.7726734337570469,
        0.3135626010615991,
        0.6296135225731321,
        0.5800688287230161,
        0.7756022635433547,
        0.022382792415904317,
        0.005303485017110599,
        0.6727308072353835,
        0.004381651112781536,
        0.3552585886143585,
        0.5306387919571761,
        0.5468602652201263
      ],
      "waveform_profile": [
        0.110370845534639,
        0.16897516255058573,
        0.07462710677256737,
        0.2555928830636411,
        0.0353081943096463,
        0.015019244583294296,
        0.036341333810422004,
        0.1094716479070385,
        0.2727709453883243,
        0.11111469981456876,
        0.32754707430600855,
        0.1696808354746039,
        21.047414940013887,
        0.3364207453459441,
        0.5166793054964397,
        0.47164412428365493,
        0.8440949439105221,
        0.3091466599201904,
        0.009474066824598839,
        0.8387811841160229,
        1.2810374097736081,
        0.054792981142212295,
        0.687248493037876,
        0.3664634284324273,
        1.4475278397515807,
        0.044389190444914975,
        0.0325124725521321,
        0.9876461235697408,
        0.09865073997290784,
        0.07354640350150554,
        0.4588518917542445,
        0.40685708264025305
      ],
      "metadata": {
        "population_size": 30,
        "iterations": 50,
        "runtime_ms": 837.3248
      }
    },
    {
      "solver_name": "PSO",
      "alpha": 0.5,
      "metrics": {
        "communication_rate_bps_hz": 18.81060524765826,
        "sensing_snr_linear": 370.6970859205397,
        "sensing_snr_db": 25.690191720193027,
        "sensing_detection_probability": 0.7765121898793473,
        "sensing_utility": 0.7765121898793473,
        "sensing_metric_name": "detection_probability",
        "weighted_objective": 13.287863573225867
      },
      "power_allocation": [
        0.0,
        0.0,
        0.0,
        0.0,
        0.0,
        0.0,
        0.0,
        0.0,
        0.0,
        0.0,
        0.0,
        1.25,
        0.6389005744279244,
        0.3781814779349427,
        0.0,
        0.6859574054452684,
        0.4050967170398853,
        1.25,
        1.25,
        0.580070655733985,
        0.0,
        0.23123927021923588,
        0.0,
        1.0970586380845702,
        0.5855009383106792,
        0.5519944059898203,
        0.7180815675863786,
        0.0,
        0.04915996975501871,
        0.32875837947229175,
        0.0,
        0.0
      ],
      "waveform_profile": [
        1.009833415482916e-06,
        0.06051720828735756,
        9.999999999999995e-07,
        9.999999999999995e-07,
        9.999999999999995e-07,
        0.00017138090151560344,
        9.999999999999995e-07,
        9.999999999999995e-07,
        9.999999999999995e-07,
        0.002570439440567248,
        9.999999999999995e-07,
        8.870991038947768,
        1.858428395381116,
        0.3463252504918335,
        9.999999999999995e-07,
        1.4266006903924726,
        0.4585886007142277,
        5.598711699571417,
        8.600297228038144,
        0.8055773899973181,
        9.999999999999995e-07,
        0.2126136821823184,
        9.999999999999995e-07,
        1.2781729718666124,
        0.6551828597853365,
        0.6915243237458661,
        0.9731012604617563,
        9.999999999999995e-07,
        0.014825130051538812,
        0.14578642125589203,
        1.0186535291049569e-06,
        9.999999999999995e-07
      ],
      "metadata": {
        "population_size": 30,
        "iterations": 50,
        "runtime_ms": 640.5757
      }
    },
    {
      "solver_name": "DE",
      "alpha": 0.5,
      "metrics": {
        "communication_rate_bps_hz": 17.576251812926706,
        "sensing_snr_linear": 325.20000566921414,
        "sensing_snr_db": 25.121505444930893,
        "sensing_detection_probability": 0.6972223235242492,
        "sensing_utility": 0.6972223235242492,
        "sensing_metric_name": "detection_probability",
        "weighted_objective": 12.2742375240846
      },
      "power_allocation": [
        0.03587101746344423,
        0.0,
        0.0,
        0.0,
        0.3117344997974705,
        0.0,
        0.029890733782304724,
        0.0,
        0.0,
        0.09396422627437831,
        0.0,
        0.0,
        0.0,
        1.225286874535469,
        0.1713717650938953,
        0.889890403672048,
        1.2323212448273702,
        0.0,
        0.8454538707060694,
        0.0,
        1.0280355213094636,
        0.6509548475920839,
        1.2323212448273702,
        0.0,
        1.0375121491700394,
        0.0,
        0.0,
        0.06199002791840569,
        0.4907999432199651,
        0.0,
        0.662601629810221,
        0.0
      ],
      "waveform_profile": [
        0.00532458722464723,
        9.999999999999995e-07,
        1.0267527252101353e-06,
        0.10466143305059461,
        1.1418832406714314,
        9.999999999999995e-07,
        9.999999999999995e-07,
        0.6207702097376054,
        9.999999999999995e-07,
        1.5571412033129888,
        0.28713162764048655,
        0.2256940064169811,
        9.999999999999995e-07,
        11.994621211561126,
        9.999999999999995e-07,
        1.30392787255754,
        4.715491626621452,
        0.1430106484659007,
        0.21652585653250284,
        0.210664589525278,
        2.269251348410789,
        0.6885947779871511,
        2.659178082805811,
        9.999999999999995e-07,
        1.377299741372904,
        0.4187357476033091,
        0.29710057023935443,
        9.999999999999995e-07,
        0.3548720357514024,
        9.999999999999995e-07,
        1.3656839768664482,
        0.042425578891568665
      ],
      "metadata": {
        "population_size": 30,
        "iterations": 50,
        "runtime_ms": 761.6971
      }
    },
    {
      "solver_name": "SFO",
      "alpha": 0.5,
      "metrics": {
        "communication_rate_bps_hz": 21.34466325205115,
        "sensing_snr_linear": 122.46289211322706,
        "sensing_snr_db": 20.880045116241636,
        "sensing_detection_probability": 0.19025058599048272,
        "sensing_utility": 0.19025058599048272,
        "sensing_metric_name": "detection_probability",
        "weighted_objective": 11.623584555977988
      },