{
  "scenario_name": "UMi_NLOS",
  "alpha": 0.5,
  "num_time_steps": 20,
  "aggregates": [
    {
      "solver_name": "SLSQP",
      "mean_rate_bps_hz": 13.943569227562051,
      "std_rate_bps_hz": 9.012842136605636,
      "mean_sensing_snr_db": 16.931667211405152,
      "std_sensing_snr_db": 4.197276370855017,
      "mean_objective": 15.4376182194836,
      "std_objective": 4.757166203579277,
      "mean_runtime_ms": 63.625895000222954,
      "total_runtime_ms": 1272.517900004459,
      "per_step_rate_bps_hz": [
        8.608282243730361,
        6.915722767359047,
        8.453811690990607,
        7.2022408757313805,
        6.382884204383529,
        3.8981726324835835,
        6.437242253702987,
        8.17954872050537,
        9.025061985752075,
        13.409148406227885,
        22.41929207254513,
        31.6328924534104,
        35.271484079993186,
        30.708953332363922,
        19.461292474612705,
        11.127225057410325,
        8.145882535779213,
        12.82327816845082,
        15.92157119011473,
        12.847397405693744
      ],
      "per_step_sensing_snr_db": [
        19.00803454060975,
        17.36568767142908,
        17.84989648361607,
        14.026493819810476,
        18.68889656846263,
        17.07001430689935,
        19.043290634142064,
        22.503652953803975,
        18.930628742533052,
        19.54514146056634,
        19.655943860276906,
        22.044626718975678,
        7.2570598348469275,
        17.785688521798143,
        19.708467938551653,
        17.340733782947524,
        9.898053100252767,
        16.23464892107537,
        17.86963385734029,
        6.806750510164976
      ],
      "per_step_objective": [
        13.808158392170055,
        12.140705219394063,
        13.151854087303338,
        10.614367347770928,
        12.53589038642308,
        10.484093469691466,
        12.740266443922525,
        15.341600837154672,
        13.977845364142564,
        16.477144933397113,
        21.03761796641102,
        26.83875958619304,
        21.264271957420057,
        24.247320927081034,
        19.584880206582177,
        14.233979420178924,
        9.021967818015991,
        14.528963544763094,
        16.89560252372751,
        9.827073957929361
      ],
      "per_step_runtime_ms": [
        99.89640000276268,
        117.54970000038156,
        61.673100004554726,
        102.44580000289716,
        145.67259999603266,
        159.34009999909904,
        48.68759999953909,
        68.37180000002263,
        55.09040000470122,
        45.443200004228856,
        26.969200000166893,
        38.7884000010672,
        32.67859999323264,
        27.253699998254888,
        26.90419999998994,
        47.77069999545347,
        67.91710000106832,
        29.153400006180163,
        24.6426999947289,
        46.269200000097044
      ]
    },
    {
      "solver_name": "GWO",
      "mean_rate_bps_hz": 13.859257606593989,
      "std_rate_bps_hz": 8.995713609001415,
      "mean_sensing_snr_db": 16.931631203549067,
      "std_sensing_snr_db": 4.176391268381948,
      "mean_objective": 15.395444405071524,
      "std_objective": 4.750705197707643,
      "mean_runtime_ms": 220.30262000007497,
      "total_runtime_ms": 4406.052400001499,
      "per_step_rate_bps_hz": [
        8.596135597585903,
        6.919590691332119,
        8.396036771931788,
        7.177064071929925,
        6.37407450511181,
        3.900357268583975,
        6.405874161877829,
        8.047192325370196,
        8.937242659435947,
        13.381064697248846,
        22.390111366097294,
        31.575551574040674,
        35.13982043980289,
        30.587530106650892,
        19.258506280047214,
        10.723716893294897,
        8.020809163807066,
        12.746553891635203,
        15.894423622704846,
        12.713496043390448
      ],
      "per_step_sensing_snr_db": [
        19.00862320009776,
        17.302627915214305,
        17.85167489037991,
        14.04068523989968,
        18.654351622829097,
        17.043503011512936,
        19.05371254071363,
        22.51476154040937,
        18.93574932576107,
        19.550206942237242,
        19.650370881497047,
        22.00374398673439,
        7.319867656307297,
        17.781837652410182,
        19.717054979746337,
        17.333071199591274,
        9.881141780180423,
        16.263120184546548,
        17.823031199906993,
        6.903488321005815
      ],
      "per_step_objective": [
        13.80237939884183,
        12.111109303273212,
        13.12385583115585,
        10.608874655914803,
        12.514213063970454,
        10.471930140048455,
        12.72979335129573,
        15.280976932889782,
        13.936495992598509,
        16.465635819743042,
        21.02024112379717,
        26.789647780387533,
        21.229844048055092,
        24.18468387953054,
        19.487780629896776,
        14.028394046443086,
        8.950975471993743,
        14.504837038090876,
        16.85872741130592,
        9.808492182198131
      ],
      "per_step_runtime_ms": [
        249.08599999616854,
        237.88580000109505,
        212.92879999964498,
        218.75469999940833,
        211.8782999968971,
        224.82870000385446,
        220.91870000440395,
        221.3804999992135,
        202.63659999909578,
        214.64130000094883,
        259.39590000052704,
        245.90249999891967,
        207.80910000030417,
        204.8231000007945,
        224.0483999994467,
        213.266200000362,
        218.6361999993096,
        198.36170000053244,
        200.46640000509797,
        218.4034999954747
      ]
    },
    {
      "solver_name": "POA",
      "mean_rate_bps_hz": 13.805896501669846,
      "std_rate_bps_hz": 8.908601314720169,
      "mean_sensing_snr_db": 16.873511606798065,
      "std_sensing_snr_db": 4.249513065463128,
      "mean_objective": 15.339704054233957,
      "std_objective": 4.718642454393991,
      "mean_runtime_ms": 149.6310350001295,
      "total_runtime_ms": 2992.6207000025897,
      "per_step_rate_bps_hz": [
        8.524482787738837,
        6.917977104485813,
        8.465124961655519,
        7.237911444007095,
        6.402808925793424,
        4.00737245075625,
        6.406509827252091,
        8.103935713710134,
        8.56968899277662,
        13.07277840302429,
        21.71236730853227,
        31.32972445793565,
        34.943065253799446,
        30.49004477703679,
        19.427360098873383,
        10.839147794280443,
        8.09079468710038,
        12.771304943329529,
        15.926554343979333,
        12.878975757329615
      ],
      "per_step_sensing_snr_db": [
        18.96517495613764,
        17.28029920500155,
        17.693339934900624,
        13.828067107556175,
        18.54644524082598,
        16.92516632049414,
        19.048373954079267,
        22.45099835194448,
        19.239390586747096,
        19.55022174263388,
        19.84588811405358,
        22.098918988073383,
        7.137586601088199,
        17.797269873801387,
        19.35027413331788,
        17.33343245268021,
        9.818486607158047,
        16.193810008468887,
        17.792626311004806,
        6.574461645994099
      ],
      "per_step_objective": [
        13.744828871938239,
        12.099138154743683,
        13.079232448278072,
        10.532989275781635,
        12.474627083309702,
        10.466269385625194,
        12.727441890665679,
        15.277467032827307,
        13.904539789761857,
        16.311500072829084,
        20.779127711292922,
        26.714321723004517,
        21.040325927443824,
        24.14365732541909,
        19.38881711609563,
        14.086290123480326,
        8.954640647129214,
        14.482557475899208,
        16.85959032749207,
        9.726718701661857
      ],